"last_name, first_name","player_id","attempts","avg_hit_angle","anglesweetspotpercent","max_hit_speed","avg_hit_speed","ev50","fbld","gb","max_distance","avg_distance","avg_hr_distance","ev95plus","ev95percent","barrels","brl_percent","brl_pa"
"Wilson, Jacob","805779","194","7.4",31.4,"108.5","86.7","95.9","88","86.9","420","125","386","52",26.8,"6",3.1,2.7
"Arraez, Luis","650333","190","13.3",37.9,"107.8","84.8","92.8","87","82.5","376","157","355","30",15.8,"0",0,0
"Bichette, Bo","666182","190","8.9",37.9,"112.3","91.2","102.2","95.5","89","389","160","383","94",49.5,"16",8.4,6.5
"Kwan, Steven","680757","189","11.2",40.2,"104.1","86.5","95.4","87.8","84.9","406","159","377","43",22.8,"4",2.1,1.7
"Hoerner, Nico","663538","187","12.7",33.2,"104.7","87","96.2","88.7","87.5","385","155",,"51",27.3,"3",1.6,1.4
"Duran, Jarren","680776","185","11.6",34.1,"117.7","92.8","103.7","95.2","92.2","411","161","393","90",48.6,"15",8.1,5.7
"Lee, Jung Hoo","808982","185","12.4",35.1,"105.4","88.5","97.1","90.2","88","406","165","381","55",29.7,"7",3.8,3.1
"Tucker, Kyle","663656","185","18.8",38.4,"108.3","91.4","101","94.5","86.4","427","204","393","89",48.1,"25",13.5,9.8
"Chourio, Jackson","694192","183","10.3",31.7,"110","87.1","100.2","94.8","80.7","448","161","404","72",39.3,"13",7.1,5.3
"Betts, Mookie","605141","182","15.9",38.5,"107.2","89","97.9","91.5","86.1","412","189","391","68",37.4,"8",4.4,3.5
"Lindor, Francisco","596019","181","10.7",28.2,"109.7","89.9","100.6","94.8","86.3","415","154","391","76",42,"14",7.7,5.6
"Naylor, Josh","647304","180","9.6",29.4,"117.9","89.9","101.5","92.3","89.6","417","153","392","80",44.4,"11",6.1,4.8
"Donovan, Brendan","680977","179","9.6",43.6,"109.2","89.4","100.2","93.8","85.6","404","169","386","76",42.5,"14",7.8,6.3
"Witt Jr., Bobby","677951","178","14.7",37.1,"114.8","92.5","103.3","95.8","88.7","408","189","383","83",46.6,"19",10.7,7.8
"Ramírez, José","608070","177","21.2",39,"111.3","88.5","98.8","92.3","85.9","420","193","387","67",37.9,"15",8.5,6.8
"Gurriel Jr., Lourdes","666971","177","16.5",36.2,"109.1","87.8","99.3","93.3","83.8","416","179","402","66",37.3,"15",8.5,6.9
"Pasquantino, Vinnie","686469","176","15.7",33.5,"114.4","91.3","101.5","93.7","90","448","183","403","79",44.9,"16",9.1,6.9
"Peña, Jeremy","665161","174","9.2",29.3,"108.6","88.5","100.2","93.4","85.6","407","147","375","69",39.7,"11",6.3,4.8
"Albies, Ozzie","645277","174","19.8",37.9,"107.5","86.6","96.2","89.8","83.9","413","177","374","48",27.6,"7",4,3.1
"Perdomo, Geraldo","672695","173","13.5",35.8,"107.5","88.2","97.2","91.3","86.2","399","161","387","54",31.2,"8",4.6,3.4
"Díaz, Yandy","650490","172","5.4",27.3,"113.4","93.1","105.3","97.4","91.4","435","143","383","93",54.1,"15",8.7,6.9
"Turner, Trea","607208","172","9.6",34.9,"110.5","88.3","99.2","90.6","86.6","426","162","400","63",36.6,"9",5.2,3.8
"Altuve, Jose","514888","171","15.9",23.4,"107","85.2","96.9","90.8","83.8","410","139","381","52",30.4,"9",5.3,4
"Castellanos, Nick","592206","171","18.4",42.7,"108.5","88.7","98.8","91.6","85.1","414","194","394","64",37.4,"12",7,5.3
"Arenado, Nolan","571448","169","19.7",29,"107.9","87.2","97.4","90.9","84.5","400","169","385","58",34.3,"9",5.3,4.2
"Rodríguez, Julio","677594","169","8.1",31.4,"114.7","91.5","102.9","95.4","89.4","438","153","410","76",45,"15",8.9,6.4
"Harris II, Michael","671739","169","6.1",30.2,"112.4","89.2","102.2","92.2","87.3","446","146","412","67",39.6,"10",5.9,4.6
"Friedl, TJ","670770","168","12.4",32.1,"106.9","87.3","97.3","90.4","86.7","407","147","395","53",31.5,"3",1.8,1.3
"Nootbaar, Lars","663457","167","17.4",37.1,"112.7","92.2","102.5","95.6","88.8","418","188","387","89",53.3,"19",11.4,7.7
"Crow-Armstrong, Pete","691718","167","23.3",37.1,"108.6","89.7","100.3","93.8","82.7","418","197","390","69",41.3,"23",13.8,9.8
"Bohm, Alec","664761","165","6.9",37,"109.3","91","100.9","93.6","89.1","422","159","372","80",48.5,"12",7.3,5.7
"Garcia, Maikel","672580","165","9.6",34.5,"110.3","90.9","101.4","93.9","90","428","159","409","72",43.6,"10",6.1,4.5
"Paredes, Isaac","670623","165","19",40,"107.4","86.9","98.1","90.6","82.1","407","189","376","56",33.9,"9",5.5,3.9
"Goldschmidt, Paul","502671","165","12.7",40,"109.5","89.9","100.5","94","85","425","168","396","65",39.4,"14",8.5,6.4
"Guerrero Jr., Vladimir","665489","165","7.1",32.7,"120.4","92.3","105.7","97","89.4","423","155","404","85",51.5,"24",14.5,10.1
"Carroll, Corbin","682998","163","15.7",30.1,"115.8","93.1","104.7","97.6","89.3","434","185","406","84",51.5,"29",17.8,11.5
"Rooker, Brent","667670","162","14.6",37,"111.7","91","101.5","94.9","87.9","440","183","398","72",44.4,"21",13,8.7
"Tatis Jr., Fernando","665487","162","5.9",25.3,"112.8","93.9","104.1","98.6","91.3","430","143","403","87",53.7,"22",13.6,9.7
"Harper, Bryce","547180","162","14.6",42.6,"111.3","91.6","102.5","94.2","86.6","437","197","396","81",50,"17",10.5,7.1
"Machado, Manny","592518","161","14.1",39.8,"114.8","93.1","104","96.8","90.2","422","178","393","86",53.4,"20",12.4,9.1
"Massey, Michael","686681","160","22.8",34.4,"108.5","87.5","97.4","90.6","88.8","404","185","394","51",31.9,"5",3.1,2.6
"France, Ty","664034","160","8.9",33.8,"108.7","88.9","100.4","92.6","85.3","411","155","402","66",41.3,"15",9.4,7.2
"Soto, Juan","665742","160","7.7",30,"114.3","93.9","104.7","99.2","90.1","434","157","397","90",56.3,"23",14.4,9.5
"Frelick, Sal","686217","159","10",27.7,"106.6","86.6","96.7","91","84.9","412","132","407","49",30.8,"5",3.1,2.5
"Ruiz, Keibert","660688","159","10.3",33.3,"107.8","87.2","96.9","89.3","87.7","414","144","393","55",34.6,"3",1.9,1.6
"Hayes, Ke'Bryan","663647","157","8.1",28,"109.7","90.4","100.8","94.9","87.9","388","140","348","74",47.1,"10",6.4,4.7
"Caminero, Junior","691406","156","4.8",23.7,"116.5","91.2","103.5","96.4","89.7","419","130","392","76",48.7,"13",8.3,6.3
"Vargas, Miguel","678246","156","22.8",36.5,"110","90.4","99.7","93.4","88.4","422","200","381","67",42.9,"16",10.3,7.4
"Perez, Salvador","521692","156","15.8",37.2,"114.8","90.3","102.3","94.9","84.8","418","190","402","73",46.8,"21",13.5,9.7
"Bregman, Alex","608324","156","19.7",32.1,"109.6","92.1","100.4","95.4","89.4","411","190","396","75",48.1,"16",10.3,7.1
"Swanson, Dansby","621020","155","14",34.2,"109.3","90.3","101.3","96","85.6","433","166","398","71",45.8,"19",12.3,8.1
"India, Jonathan","663697","155","17.5",36.1,"108.4","89.2","98.7","91.1","89.8","401","176","393","60",38.7,"8",5.2,3.8
"Devers, Rafael","646240","155","14.2",40,"111.1","94.6","103.9","95.6","94.2","442","181","399","90",58.1,"26",16.8,10
"Alonso, Pete","624413","154","13.6",39.6,"114.6","94.7","105.9","99.7","89.1","443","181","409","87",56.5,"30",19.5,12.4
"Flores, Wilmer","527038","154","16.4",40.3,"106.8","84.9","95.8","89.8","80.7","399","165","379","38",24.7,"10",6.5,4.7
"Schanuel, Nolan","694384","154","11.8",43.5,"109.8","88","97","91.7","84","418","166","391","45",29.2,"7",4.5,3.3
"Turang, Brice","668930","154","8",36.4,"109.8","91.6","100.1","94.5","88.9","444","153","421","69",44.8,"13",8.4,5.7
"Adames, Willy","642715","153","20.9",30.1,"109.9","88.3","99.7","94.9","79.6","401","180","389","69",45.1,"17",11.1,7.1
"Ramos, Heliot","671218","153","7.6",30.1,"116","90.9","102.5","97.6","86.6","430","156","391","69",45.1,"20",13.1,8.8
"Ohtani, Shohei","660271","153","13.9",37.9,"117.9","96.1","107.1","101.4","89.7","448","199","402","100",65.4,"36",23.5,14.4
"Judge, Aaron","592450","153","16.1",36.6,"117.7","95.4","106.9","97.9","91.6","468","193","396","86",56.2,"35",22.9,14.3
"Soderstrom, Tyler","691016","153","10.1",40.5,"114","92.7","104.1","96","89.9","432","172","392","80",52.3,"24",15.7,10.2
"Butler, Lawrence","671732","152","8.8",32.2,"113.6","92","102.4","96.4","87.7","435","169","420","71",46.7,"15",9.9,6.7
"Riley, Austin","663586","151","17.1",39.1,"113.2","92.3","104.1","97","86.3","444","191","413","77",51,"23",15.2,9.8
"Reynolds, Bryan","668804","151","5.5",35.1,"112","90.7","102.4","95.6","85.9","410","159","395","68",45,"19",12.6,8.1
"Nimmo, Brandon","607043","151","10.8",31.1,"109.6","92.3","101.9","94.2","91.6","412","162","398","79",52.3,"16",10.6,7.8
"Bellinger, Cody","641355","151","21.2",39.1,"110.2","90","99.8","93.2","87.5","451","198","397","61",40.4,"16",10.6,7.7
"De La Cruz, Elly","682829","150","5.6",28.7,"114.9","91.3","103.6","95.8","88.5","451","144","408","70",46.7,"20",13.3,8.2
"Pages, Andy","681624","150","18.2",40,"110.6","89","98.8","91.7","84.2","418","194","397","53",35.3,"12",8,5.8
"Wagaman, Eric","676572","149","12.2",37.6,"111","91.7","102","95","90","427","168","417","70",47,"12",8.1,6.1
"Ward, Taylor","621493","149","20.4",32.9,"110.3","91.1","102","97","83.8","426","200","391","71",47.7,"25",16.8,11.1
"Semien, Marcus","543760","149","19.4",35.6,"110","88.1","98.2","91.5","85.4","417","186","401","52",34.9,"12",8.1,5.5
"Carpenter, Kerry","681481","148","19.6",35.1,"109.2","91.8","101.3","95.8","89","413","186","383","70",47.3,"20",13.5,10.2
"Larnach, Trevor","663616","148","8.9",29.7,"111.8","90.7","101.5","93.6","88.8","434","151","394","65",43.9,"11",7.4,5.1
"Suzuki, Seiya","673548","148","15.3",45.3,"116.2","93","103.7","95.8","89.3","445","196","403","75",50.7,"24",16.2,10.4
"Goodman, Hunter","696100","147","17.6",27.9,"116.2","91.3","102.9","95.5","89","421","176","397","71",48.3,"14",9.5,6.5
"Langeliers, Shea","669127","146","12.1",32.2,"114.5","90.5","102.1","94.2","87.4","429","162","400","67",45.9,"15",10.3,7.6
"Suárez, Eugenio","553993","146","23.1",34.2,"111.8","91.5","102.3","95.9","86.1","458","209","420","76",52.1,"22",15.1,9.7
"Stott, Bryson","681082","146","14.5",39,"110.7","86.6","96.8","89","83.4","411","170","392","40",27.4,"8",5.5,4
"Happ, Ian","664023","146","16.6",37.7,"112","89.2","100.2","93.8","84.9","404","167","377","58",39.7,"11",7.5,5
"Lowe, Nathaniel","663993","145","11.7",33.8,"111.7","90.5","101.2","95","87.5","421","161","395","65",44.8,"10",6.9,4.4
"Walker, Christian","572233","145","15",36.6,"112.8","90.6","102.5","94.5","86.4","417","179","388","68",46.9,"18",12.4,8.1
"Bogaerts, Xander","593428","144","11.8",37.5,"112.2","89.8","100.4","94.5","85.7","393","165","369","58",40.3,"7",4.9,3.3
"García, Adolis","666969","143","21.5",31.5,"113.6","92.6","102","94.4","93.2","431","195","399","68",47.6,"21",14.7,9.9
"García Jr., Luis","671277","143","7.1",33.6,"111.7","89.3","100.2","95.4","83.9","420","165","390","64",44.8,"11",7.7,6.1
"Olson, Matt","621566","143","13.2",37.1,"113.8","94.7","104.7","99.5","91.2","434","181","404","81",56.6,"27",18.9,11.7
"Abreu, Wilyer","677800","143","23.9",30.1,"111.2","90.7","102.7","93.7","88.6","430","196","403","65",45.5,"19",13.3,9.2
"Rutschman, Adley","668939","143","16.5",35.7,"111","90.1","99.6","93.2","85.9","436","183","413","56",39.2,"13",9.1,6.5
"Vaughn, Andrew","683734","143","15.4",35.7,"110.5","91.5","101.6","94.9","89.2","405","172","391","69",48.3,"19",13.3,9.8
"Contreras, William","661388","143","5.1",31.5,"114.1","89.7","101.6","97","83.8","408","141","389","58",40.6,"8",5.6,3.6
"Rengifo, Luis","650859","142","2.9",31.7,"106.6","86.6","97.3","91.6","83.8","402","127","402","43",30.3,"5",3.5,2.8
"Volpe, Anthony","683011","142","10.1",32.4,"110.5","90.9","101.7","96.3","86.7","424","168","374","69",48.6,"15",10.6,6.7
"Contreras, Willson","575929","142","7.1",38,"114.7","89.6","102.8","94.6","85.8","421","153","398","61",43,"15",10.6,6.9
"Wood, James","695578","142","4.2",29.6,"117.9","93.8","106.7","99.8","89","448","159","412","83",58.5,"25",17.6,10.5
"Story, Trevor","596115","141","12.2",29.1,"111.7","89.7","101.9","93","88.3","427","154","393","65",46.1,"14",9.9,6.4
"Greene, Riley","682985","141","9.6",38.3,"114.5","91","103.2","96.8","85.3","417","164","384","70",49.6,"25",17.7,11.1
"Espinal, Santiago","669289","141","12.8",31.9,"107.4","86.1","95.7","89.4","84.2","375","149",,"35",24.8,"1",0.7,0.6
"Ortiz, Joey","687401","141","14.7",29.8,"109.1","85","97.8","89.4","83.9","382","145","358","47",33.3,"4",2.8,2.1
"Yelich, Christian","592885","141","-0.3",24.1,"113.4","90.7","102.3","95.5","89.1","465","119","405","66",46.8,"8",5.7,3.5
"Edwards, Xavier","669364","140","10.6",30.7,"109","86.3","96.1","88.2","86.5","362","148",,"40",28.6,"0",0,0
"Schwarber, Kyle","656941","140","17.6",33.6,"116.7","93.9","104.7","97.3","90.4","466","191","411","83",59.3,"23",16.4,9.6
"Diaz, Yainer","673237","140","13.3",34.3,"109.7","90.2","100.2","93","89","409","166","394","57",40.7,"13",9.3,7
"Santana, Carlos","467793","140","14.5",26.4,"113.2","88.1","100.7","93.9","87.3","415","148","380","55",39.3,"11",7.9,5.3
"Sosa, Lenyn","672820","139","19.1",41,"110.3","90.9","100.3","93.7","88.1","416","187","389","57",41,"9",6.5,4.8
"Torkelson, Spencer","679529","139","21.9",41,"110.5","91.2","101.1","95.8","84.2","423","202","393","64",46,"20",14.4,8.7
"Lowe, Brandon","664040","138","13.7",39.1,"111.6","92.2","102.2","95.8","89.6","429","178","396","63",45.7,"16",11.6,7.8
"Kirk, Alejandro","672386","138","12.8",34.8,"111.4","91.7","102.2","95.2","89.5","424","162","407","72",52.2,"9",6.5,5.4
"Rafaela, Ceddanne","678882","138","10.4",34.1,"109.1","90.5","100.9","94.3","87.6","406","159","406","64",46.4,"18",13,9.6
"Mountcastle, Ryan","663624","137","9.9",37.2,"116.7","90.7","101.4","95.2","86.7","395","166","392","64",46.7,"15",10.9,7.8
"Torres, Gleyber","650402","137","16.3",38.7,"108.9","90.2","99.9","94.3","85.3","432","193","405","51",37.2,"16",11.7,8.7
"Andujar, Miguel","609280","135","10",33.3,"111.4","88","99.1","89.5","88.2","384","150","370","49",36.3,"5",3.7,3
"Chapman, Matt","656305","135","22.3",31.1,"113.5","93.9","103.2","95.3","97.7","418","187","397","68",50.4,"16",11.9,7
"Crawford, J.P.","641487","134","12.7",38.8,"108.6","86.6","97.3","90.1","83.1","417","157","382","46",34.3,"9",6.7,4.2
"Holliday, Jackson","702616","134","7.3",36.6,"109.6","90.5","101","94.5","87.8","425","153","402","61",45.5,"12",9,6.3
"Vientos, Mark","668901","134","11.4",33.6,"110.4","90.4","100.2","94.4","85.7","403","164","372","60",44.8,"9",6.7,4.6
"Meyers, Jake","676694","134","9.2",33.6,"107.9","88.8","99.5","92.2","86.4","409","150","378","51",38.1,"6",4.5,3.3
"Correa, Carlos","621043","134","4.2",29.9,"112.6","89.2","101.5","92.9","87","458","137","416","55",41,"7",5.2,4
"Clement, Ernie","676391","133","18.3",35.3,"108.9","86.6","95.3","88","84.8","385","164","365","30",22.6,"3",2.3,1.8
"Sweeney, Trey","700242","133","9.1",29.3,"110.8","88.4","98.9","92.1","85.6","409","149","382","45",33.8,"8",6,4.1
"Raleigh, Cal","663728","132","23.7",38.6,"111.9","92.1","103.2","96.6","87.8","432","209","384","63",47.7,"31",23.5,13.4
"Abrams, CJ","682928","132","15",39.4,"112.7","90.1","100.8","91.9","89.4","414","176","386","59",44.7,"13",9.8,7.2
"Steer, Spencer","668715","132","15.5",34.1,"106.5","86.8","97.5","90.7","83","392","157","385","41",31.1,"8",6.1,4
"Smith, Josh","669701","131","14.2",32.1,"108.2","88","98.3","92.3","84.2","403","158","393","46",35.1,"7",5.3,3.9
"Freeman, Freddie","518692","131","16.1",45.8,"111.6","92.2","101.2","94","89.2","418","196","408","61",46.6,"16",12.2,8.5
"Jung, Josh","673962","131","12.7",41.2,"108","87.9","100.7","94.7","82.2","418","175","384","55",42,"14",10.7,7.7
"Henderson, Gunnar","683002","131","9.6",27.5,"113.3","94.5","104.9","97.2","95.2","405","150","391","74",56.5,"12",9.2,5.8
"Frazier, Adam","624428","131","16.2",32.8,"101.1","84.7","93.7","87.6","82.6","365","165","350","21",16,"0",0,0
"Stowers, Kyle","669065","129","14",39.5,"110.3","91.6","103.9","95.9","87","423","184","399","70",54.3,"26",20.2,12.4
"Doyle, Brenton","686668","129","13.2",36.4,"111.3","90","101.3","94.3","86","421","177","393","57",44.2,"19",14.7,10
"Yastrzemski, Mike","573262","129","16.9",35.7,"106.8","90.5","99.8","93.9","86.2","387","181","375","55",42.6,"11",8.5,5.6
"Mullins, Cedric","656775","128","23.9",35.2,"108.4","89.4","99.6","93","85.3","396","193","382","50",39.1,"10",7.8,4.9
"Bleday, JJ","668709","127","22",28.3,"109.9","88.8","99.7","91.5","88.8","402","176","371","51",40.2,"5",3.9,2.6
"Santander, Anthony","623993","127","18",29.1,"110.4","90.1","100","93.7","88.5","409","168","393","52",40.9,"6",4.7,3
"O'Hearn, Ryan","656811","127","9",40.9,"109.4","90.5","101.2","94","87.1","405","160","388","64",50.4,"12",9.4,6.7
"Langford, Wyatt","694671","127","15.4",32.3,"113.1","91.7","102.6","97.1","85.6","431","174","390","63",49.6,"18",14.2,9.2
"Kepler, Max","596146","127","14.7",33.1,"109.4","90.4","101","94.1","88.6","422","178","387","61",48,"15",11.8,8
"Soler, Jorge","624585","126","14.1",33.3,"112.7","89.7","101.1","95","87.1","417","165","391","51",40.5,"14",11.1,6.8
"Kiner-Falefa, Isiah","643396","126","5.5",34.1,"105.5","86.2","96.1","89.2","85","382","133","382","35",27.8,"2",1.6,1.2
"McCutchen, Andrew","457705","125","12.7",28,"110.2","88.9","99.7","94.4","86.9","417","152","406","52",41.6,"12",9.6,6.4
"Ozuna, Marcell","542303","125","14.5",35.2,"112.1","92.9","103.6","97","89","464","177","416","67",53.6,"15",12,6.8
"Hernández, Teoscar","606192","124","11.9",40.3,"112.5","88.8","102.3","93.5","83.5","436","175","392","54",43.5,"16",12.9,9.5
"Campbell, Kristian","692225","124","7.7",30.6,"112.2","89.5","100.9","95","85.8","431","143","382","54",43.5,"8",6.5,4
"Hoskins, Rhys","656555","123","21",45.5,"111.1","91.6","100.6","94.5","86.7","440","200","397","58",47.2,"15",12.2,7.4
"Sheets, Gavin","657757","123","17.3",43.9,"110.1","92.4","101.8","97.2","86.8","439","194","399","66",53.7,"14",11.4,7.7
"Busch, Michael","683737","122","15.1",40.2,"110.4","90.6","100.8","93.6","85.9","411","194","391","57",46.7,"17",13.9,8.6
"Realmuto, J.T.","592663","122","10.2",36.1,"109.3","91","102.2","95.8","86.7","418","163","403","56",45.9,"14",11.5,7.4
"Arozarena, Randy","668227","121","13.2",35.5,"112.3","91.9","102.8","95.8","90.6","424","165","394","60",49.6,"12",9.9,5.4
"McKinstry, Zach","656716","121","11",47.9,"108.7","86.7","97.6","92.1","81.2","379","160","368","44",36.4,"8",6.6,4.1
"Scott II, Victor","687363","121","13.1",38,"106.6","87","97.1","89.8","84.3","396","164","396","36",29.8,"5",4.1,2.6
"Robert Jr., Luis","673357","121","19.3",33.9,"115.8","90.2","102.1","94.3","88.6","415","174","387","56",46.3,"15",12.4,7.3
"McMahon, Ryan","641857","120","14.8",32.5,"111.2","94","102.9","96.1","91","436","171","411","59",49.2,"14",11.7,6.4
"Arias, Gabriel","672356","120","6.1",27.5,"112.3","88.6","100.9","96.9","82.4","424","137","402","49",40.8,"12",10,6.3
"Burleson, Alec","676475","120","16.4",28.3,"110.4","91.7","101.3","94.1","91.4","435","160","418","54",45,"7",5.8,4.6
"Rice, Ben","700250","120","12.7",37.5,"113.2","94.5","105.2","98.5","91.1","423","179","391","70",58.3,"23",19.2,12.3
"Wells, Austin","669224","120","21.2",33.3,"111","91.1","101.9","94","89.4","412","190","372","57",47.5,"13",10.8,7.3
"Muncy, Max","571970","119","18.8",35.3,"110.5","90.3","101.4","95","83","433","186","410","60",50.4,"13",10.9,6.4
"Manzardo, Kyle","700932","119","22.5",34.5,"109.6","90.2","100.6","96","81.6","424","205","394","54",45.4,"16",13.4,8.2
"Winn, Masyn","691026","119","17.1",35.3,"109","88.6","99.8","92.2","88.3","403","171","391","43",36.1,"8",6.7,4.4
"Lux, Gavin","666158","118","10",39.8,"106.4","89","98.4","90.7","86.9","397","162","397","49",41.5,"5",4.2,2.7
"Báez, Javier","595879","118","9.3",31.4,"108.4","87.9","99.6","91.3","85.2","421","156","387","47",39.8,"8",6.8,4.8
"Moreno, Gabriel","672515","118","11.6",33.9,"108.3","92.5","100.3","94.3","91.5","411","160","389","57",48.3,"6",5.1,3.8
"Lopez, Otto","672640","118","6.4",32.2,"109.9","87.1","97.7","90","84.1","418","149","401","35",29.7,"10",8.5,6.6
"Aranda, Jonathan","666018","117","13.4",39.3,"111.4","92.8","102.9","93.9","92.8","433","164","386","65",55.6,"14",12,7.6
"Edman, Tommy","669242","117","15.7",40.2,"108.6","88.4","100.1","91.5","87.8","423","177","403","50",42.7,"10",8.5,6.6
"Grisham, Trent","663757","114","18.4",34.2,"109.8","91.4","100.8","95.9","85.1","415","192","388","51",44.7,"19",16.7,11.1
"Jeffers, Ryan","680777","114","15.4",35.1,"110.4","90.1","101.1","95.1","85.2","420","186","413","51",44.7,"9",7.9,5.4
"Lee, Brooks","686797","113","16.3",31.9,"106.7","89.7","98.5","92.1","87.7","401","170","388","44",38.9,"10",8.8,6.8
"Burger, Jake","669394","113","16.5",29.2,"114.7","90.9","103.9","95.7","87.1","429","178","398","56",49.6,"17",15,10.2
"Springer, George","543807","112","16.7",37.5,"112.3","91.7","101.8","96.2","87.9","426","178","408","56",50,"19",17,10.1
"Farmer, Kyle","571657","112","14",39.3,"105.8","85.8","97.5","92.3","81.2","392","159","392","36",32.1,"6",5.4,4
"Bell, Josh","605137","112","10.1",29.5,"111.7","87.9","100.1","96.3","81","433","158","396","43",38.4,"9",8,5.2
"Taylor, Tyrone","621438","112","19.5",45.5,"109.5","85.4","97.9","89.9","83.4","397","167","397","42",37.5,"6",5.4,3.8
"Isbel, Kyle","664728","111","15.2",24.3,"108.4","86.1","98.5","90.9","89.1","401","128","392","34",30.6,"3",2.7,2.1
"Polanco, Jorge","593871","111","11.5",35.1,"111.9","92.4","103.1","96.5","90.1","423","166","391","58",52.3,"17",15.3,11.8
"Allen, Nick","669397","110","11.9",30.9,"104.4","85.8","95.3","87.1","86.6","382","133",,"27",24.5,"0",0,0
"Heim, Jonah","641680","110","15.2",32.7,"109.6","89.4","98.8","92.4","89.3","417","167","384","40",36.4,"7",6.4,4.5
"Crews, Dylan","686611","110","7.7",30,"111.1","90.1","101.3","95.4","86.7","429","158","404","45",40.9,"16",14.5,9.2
"Dingler, Dillon","693307","110","14.6",40.9,"110.7","89.7","101.3","94.2","84.3","410","178","399","50",45.5,"9",8.2,5.7
"Martínez, Angel","682657","110","13.1",27.3,"107.4","87.9","97.6","90.4","87.9","385","145","369","36",32.7,"2",1.8,1.4
"McLain, Matt","680574","109","16.1",38.5,"109.9","90","100.6","94.9","82.7","414","196","399","52",47.7,"11",10.1,5.6
"Moniak, Mickey","666160","109","14.6",33.9,"110.3","90","101.2","93.6","85.8","429","179","404","52",47.7,"10",9.2,6.4
"O'Hoppe, Logan","681351","108","20.8",37,"111.1","91.7","102.5","96.5","86.3","470","207","404","57",52.8,"21",19.4,12
"Smith, Will","669257","108","21.3",42.6,"109.8","91.7","101.3","94.2","88.4","419","203","395","52",48.1,"15",13.9,8.8
"Beck, Jordan","687597","108","14.3",41.7,"110.8","89.5","100.8","95.6","81.3","437","183","414","46",42.6,"16",14.8,9.1
"Urías, Luis","649966","108","12.7",30.6,"106.8","87.5","97.6","92.6","84.5","398","157","377","35",32.4,"6",5.6,4.1
"Verdugo, Alex","657077","108","9.9",34.3,"107.7","90.2","100.4","91.5","90.4","404","157",,"49",45.4,"4",3.7,3
"Durbin, Caleb","702332","108","17.2",27.8,"103.5","83.7","94.5","87.9","82.1","375","159","375","23",21.3,"2",1.9,1.5
"Keith, Colt","690993","106","7.7",39.6,"109.6","87.3","99.7","95.2","78.6","450","168","412","41",38.7,"10",9.4,6.2
"Bart, Joey","663698","106","10.4",37.7,"111","89","101.8","95.3","83.7","411","161","411","48",45.3,"11",10.4,6.5
"Wade Jr., LaMonte","664774","106","23.5",34,"107.6","89.3","97.7","92","86.8","388","198","364","32",30.2,"5",4.7,3.1
"Narváez, Carlos","665966","105","12.6",28.6,"110.8","91.3","102.6","94","90.2","410","155","373","44",41.9,"13",12.4,8.3
"Cruz, Oneil","665833","105","9.9",37.1,"122.9","97.2","109","102","92.2","463","186","412","65",61.9,"26",24.8,12.7
"Domínguez, Jasson","691176","105","15.5",33.3,"112.1","90.5","102.1","93.9","90.4","445","175","406","55",52.4,"10",9.5,5.6
"Buxton, Byron","621439","104","15.3",34.6,"112.5","91.4","103.6","97.2","86.3","446","182","403","58",55.8,"17",16.3,9.8
"Adell, Jo","666176","104","11.5",28.8,"112.2","90.1","102.7","93.9","88.8","435","154","410","47",45.2,"12",11.5,7.7
"Simpson, Chandler","802415","104","0.3",28.8,"107.6","83.5","93","85.3","83.2","351","107",,"17",16.3,"0",0,0
"Conforto, Michael","624424","103","12.4",34,"112.9","90.8","101.2","93.3","88.8","419","168","407","49",47.6,"12",11.7,6.3
"Giménez, Andrés","665926","103","7",29.1,"105.9","87.9","98","92.6","83","407","157","385","32",31.1,"4",3.9,2.8
"Toglia, Michael","669911","103","16.8",36.9,"109.6","89.3","100.9","93.6","83.9","457","188","422","42",40.8,"11",10.7,5.5
"Bader, Harrison","664056","102","10.2",30.4,"110.7","86.7","100.1","94","82.3","417","148","390","43",42.2,"9",8.8,5.9
"Thomas, Alek","677950","102","2.2",29.4,"109.4","91.9","100.7","95.8","89.5","417","129","378","41",40.2,"7",6.9,4.7
"Walker, Jordan","691023","101","11.4",30.7,"116.5","92.3","103.6","94","93.2","422","157","412","47",46.5,"8",7.9,4.8
"Pagés, Pedro","686780","99","14.5",31.3,"108.7","88.7","99.8","92","85.7","399","166","385","37",37.4,"7",7.1,5.1
"Acuña, Luisangel","682668","99","2.4",29.3,"110.3","87.9","99.7","88.8","88.7","389","118",,"35",35.4,"1",1,0.7
"Taveras, Leody","665750","99","22.1",29.3,"109.8","88.2","98.7","91.7","88.7","398","173","393","34",34.3,"7",7.1,4.8
"Neto, Zach","687263","98","19.4",52,"111.3","93.8","103.4","98.5","86.6","440","204","404","50",51,"17",17.3,11.2
"Misner, Kameron","670224","97","14.8",29.9,"109.7","88.2","98.7","92.5","84.1","431","160","389","31",32,"5",5.2,3.1
"Kjerstad, Heston","677008","97","12.1",35.1,"106.8","89","99.9","94.7","85","409","162","401","42",43.3,"9",9.3,6.1
"Meidroth, Chase","805367","97","8.3",23.7,"107.1","88.2","98.2","90.4","88.3","368","113","368","39",40.2,"1",1,0.8
"Baldwin, Brooks","681460","96","10",29.2,"110","89.8","99.8","93.2","87.8","407","133","396","37",38.5,"6",6.3,4.2
"Waters, Drew","671221","96","8.3",36.5,"109.6","86.7","98","89.1","84.5","408","145","408","29",30.2,"3",3.1,2.2
"Sánchez, Jesús","660821","96","7.2",27.1,"113","91.3","102.6","97","88.6","417","143","411","41",42.7,"9",9.4,6.1
"Ramírez, Agustín","682663","95","9.1",30.5,"114.7","91.4","104","97.8","86.9","424","157","407","46",48.4,"9",9.5,7.1
"Young, Jacob","696285","95","-2.7",23.2,"106.8","86.9","97.7","88.1","86.7","350","93",,"30",31.6,"1",1.1,0.8
"Trevino, Jose","624431","95","6",29.5,"107.9","88.4","99.6","94.5","84.9","409","140","388","40",42.1,"5",5.3,4.3
"Walls, Taylor","670764","95","15.4",24.2,"102.8","86.2","95.5","88.7","85","386","147","386","23",24.2,"2",2.1,1.4
"Sanoja, Javier","691594","95","11.9",32.6,"106.1","88.6","97.5","91.4","87.7","376","155","367","30",31.6,"2",2.1,1.6
"Pederson, Joc","592626","94","15.8",24.5,"111.7","90.5","100.9","95.5","87.9","409","156","405","41",43.6,"8",8.5,5.5
"Urías, Ramón","602104","94","10",30.9,"109.4","88.7","99.3","94.8","84.6","397","151","376","39",41.5,"8",8.5,6
"Williamson, Ben","810938","94","4.4",22.3,"110.4","87.5","100.3","88.7","87.3","398","133","398","41",43.6,"5",5.3,3.8
"Smith, Cam","701358","93","6.6",34.4,"112.8","86.9","100.9","88.9","86.4","412","139","378","36",38.7,"8",8.6,5.2
"Call, Alex","669743","93","11.9",32.3,"109.9","88.3","97","90.5","87.3","380","159",,"26",28,"3",3.2,2.3
"Iglesias, Jose","578428","92","-3.2",20.7,"109.5","82.4","94.4","86.4","81.4","351","87",,"21",22.8,"0",0,0
"White, Eli","642201","92","6.6",32.6,"108.5","87.7","100.1","92","84.7","434","139","426","35",38,"6",6.5,4.6
"Pham, Tommy","502054","92","4.6",30.4,"110.7","89","100.3","93.6","87.4","386","123",,"34",37,"2",2.2,1.4
"Naylor, Bo","666310","91","25.8",35.2,"108.8","90.5","99.8","94.6","85.2","425","194","402","33",36.3,"11",12.1,7.4
"Bailey, Patrick","672275","91","20.2",36.3,"107.8","87.7","98.2","90.9","83.8","403","195","403","31",34.1,"6",6.6,3.9
"Marte, Ketel","606466","90","10.8",26.7,"115.5","91.6","103.4","96.1","90.6","443","146","408","45",50,"13",14.4,10.4
"Smith, Pavin","656976","89","9",34.8,"109.9","90.1","99.9","92.7","87.8","429","155","409","39",43.8,"12",13.5,7.4
"Tovar, Ezequiel","678662","89","12.7",52.8,"111.1","90.9","100.5","94.1","85.6","425","186","422","38",42.7,"7",7.9,5.9
"Moore, Dylan","664238","89","20",37.1,"108.6","85.7","98.7","90.7","82.1","429","176","393","33",37.1,"10",11.2,7.2
"Hays, Austin","669720","88","16",35.2,"109.2","89.8","100.9","94.5","84.6","429","170","402","39",44.3,"12",13.6,9.4
"Merrill, Jackson","701538","88","9.3",43.2,"110.9","88.7","100.6","94.3","83.3","417","169","398","36",40.9,"14",15.9,11.7
"Kelly, Carson","608348","88","16",34.1,"109.7","90.6","100.8","95.5","85.3","418","184","387","40",45.5,"12",13.6,9.4
"Díaz, Elias","553869","87","16.6",28.7,"111.4","87.1","99.3","92.3","87.1","380","154","369","34",39.1,"5",5.7,4
"Jones, Nolan","666134","87","12.9",34.5,"110.3","92.8","102.5","96.4","91.3","422","165","416","43",49.4,"9",10.3,6.3
"Castro, Willi","650489","86","15.5",34.9,"109.9","85.3","98.2","91","79.8","402","170","395","29",33.7,"6",7,4.5
"Norby, Connor","681393","86","14",41.9,"108.2","88.4","99.7","96.2","80","408","182","390","36",41.9,"9",10.5,6.9
"Schneemann, Daniel","682177","85","6.5",34.1,"111.2","87.8","100.2","96.7","82.5","401","151","384","36",42.4,"12",14.1,9.2
"Quero, Edgar","700337","85","4.1",31.8,"106.9","90.8","99.8","94.3","89.1","374","141",,"39",45.9,"0",0,0
"Fitzgerald, Tyler","666149","85","16.5",31.8,"107","82.6","95.6","86.4","79.3","381","152","375","22",25.9,"4",4.7,3.1
"Alvarez, Yordan","670541","84","20.1",40.5,"113.6","94","102.6","97.1","92.9","436","204","424","39",46.4,"10",11.9,8.3
"Cabrera, Oswaldo","665828","84","8.8",29.8,"107.5","89.1","97.7","90.9","88.9","382","132","382","29",34.5,"0",0,0
"Martini, Nick","605361","84","14.6",26.2,"105.6","85.7","97.1","89.4","83.9","388","145","388","26",31,"3",3.6,2.7
"Baldwin, Drake","686948","83","7.8",41,"112.3","92.5","103.1","93.9","91.4","416","162","381","48",57.8,"9",10.8,8.6
"Urshela, Gio","570482","83","10.8",45.8,"107.7","86.6","97","92","83.2","399","156",,"25",30.1,"1",1.2,0.9
"Fermin, Freddy","666023","82","15.4",24.4,"108.3","88","97.8","91.1","88.1","396","143","391","25",30.5,"2",2.4,1.9
"Tellez, Rowdy","642133","82","18.7",37.8,"113.1","90.9","102.3","94.5","87.7","430","191","394","37",45.1,"15",18.3,12
"Jansen, Danny","643376","82","21.6",35.4,"106.7","87.8","97.9","93.6","83.1","401","191","362","32",39,"4",4.9,3
"Caballero, José","676609","82","16.1",45.1,"106.2","84.7","96.1","88.6","80.2","373","183","327","21",25.6,"3",3.7,2.2
"Seager, Corey","608369","82","12.1",32.9,"112.4","93.3","104.4","95.8","90.3","427","185","390","41",50,"13",15.9,12.1
"Dubón, Mauricio","643289","81","11.4",25.9,"108.6","84.6","96.1","84","87.6","385","130","385","22",27.2,"0",0,0
"Lukes, Nathan","664770","80","11.7",32.5,"104.8","87.6","97.5","89","88.5","391","152","378","26",32.5,"5",6.3,4.5
"Hicks, Liam","689414","80","12.8",35,"108.5","85.6","96.9","89.1","81.2","385","169","373","25",31.3,"5",6.3,4.8
"Benintendi, Andrew","643217","80","23.5",36.3,"108.5","88.5","98.1","94.5","78.6","401","201","381","28",35,"11",13.8,9.4
"Hernández, Enrique","571771","79","15.3",26.6,"109.8","91.4","100.8","95.2","87.9","438","159","395","33",41.8,"9",11.4,7.6
"Renfroe, Hunter","592669","79","17",24.1,"110.5","88.5","99.2","93.7","88.4","412","155",,"28",35.4,"5",6.3,4.6
"Caratini, Victor","605170","79","11.5",31.6,"110.1","88.9","99.5","93.5","85.1","390","156","365","31",39.2,"7",8.9,6.4
"Tena, José","677588","78","-1",30.8,"108.5","89.2","99.1","92.9","86.7","381","124",,"29",37.2,"5",6.4,4.6
"Baty, Brett","683146","77","8.2",36.4,"113.9","90","102.5","95.2","86.6","425","153","389","35",45.5,"11",14.3,9.6
"Barger, Addison","680718","77","12.6",37.7,"116.5","95.1","105.3","99.3","93.4","414","174","389","44",57.1,"9",11.7,8
"Mastrobuoni, Miles","670156","77","6.7",32.5,"107.2","89.1","98.6","93","84.9","376","142","345","32",41.6,"1",1.3,1
"Straw, Myles","664702","76","12.6",26.3,"105.8","87.7","95.6","89.9","86.8","397","152","397","19",25,"4",5.3,4.3
"Valdez, Enmanuel","665839","75","15.7",37.3,"108.5","89.8","100.1","94.2","87","405","171","394","32",42.7,"6",8,5.9
"Rosario, Amed","642708","75","11",36,"110.9","91.8","102","94.3","90.9","408","159","391","34",45.3,"4",5.3,4.3
"Tawa, Tim","694374","74","6.8",33.8,"109.7","88","99.9","92.6","84.1","438","157","398","28",37.8,"8",10.8,7.2
"Morel, Christopher","666624","74","20.4",32.4,"113.4","90.2","101.8","93.6","89.5","403","188","392","32",43.2,"12",16.2,8.7
"Marte, Starling","516782","73","12",23.3,"110.5","86.8","99.3","90.5","84.5","386","140","386","26",35.6,"3",4.1,2.8
"Triolo, Jared","669707","73","20.1",20.5,"106.2","89.8","99.2","92.2","91.5","394","164","392","26",35.6,"4",5.5,4
"Amaya, Miguel","665804","73","19.3",39.7,"108.1","87.6","98.3","89.8","84","393","186","379","25",34.2,"5",6.8,5
"Palacios, Joshua","641943","72","7.5",30.6,"110.3","87.9","101.3","96.7","82.9","412","146","382","30",41.7,"8",11.1,7
"Casas, Triston","671213","72","15.1",34.7,"110.9","87.6","101","94.9","77.8","396","180","382","32",44.4,"7",9.7,6.3
"Trout, Mike","545361","72","20.4",44.4,"115.4","90.5","102.5","94.6","85.8","484","216","398","33",45.8,"12",16.7,9.9
"Rocchio, Brayan","677587","72","7.5",33.3,"103.4","86.1","96.9","90","83.7","378","150",,"22",30.6,"2",2.8,2
"Canario, Alexander","672744","72","13.1",33.3,"112.1","90.5","102.9","96.1","87.2","402","163","380","38",52.8,"12",16.7,10.7
"Ibáñez, Andy","628451","71","11.6",29.6,"108.9","89.6","98.9","91","87.4","396","172","386","26",36.6,"3",4.2,3.3
"Mervis, Matt","670223","71","22.3",26.8,"108.2","88.3","99.9","93.4","83.7","421","164","389","27",38,"6",8.5,4.5
"Cronenworth, Jake","630105","70","14.5",21.4,"109.1","90.3","100.6","94.1","88.1","435","159","398","32",45.7,"3",4.3,2.7
"Westburg, Jordan","676059","70","13.9",25.7,"110","88.6","101.2","94.2","84.4","434","161","410","28",40,"9",12.9,9.2
"Murphy, Sean","669221","70","8.7",32.9,"112.5","90.1","102.8","95.7","83.8","429","173","396","31",44.3,"9",12.9,7.1
"Torrens, Luis","620443","69","8.6",44.9,"108","93.7","102.3","95.9","91.2","399","174","398","42",60.9,"12",17.4,11.9
"Heyward, Jason","518792","68","11.5",22.1,"108.9","85.1","98.1","89.6","82.3","410","149","394","23",33.8,"3",4.4,3.2
"Rojas, Johan","679032","68","10.5",26.5,"112.4","87.4","99","86.8","90.1","421","131","421","22",32.4,"2",2.9,1.9
"Paris, Kyren","677347","67","17.8",34.3,"108.7","88.9","100.9","94.3","80.1","434","201","396","32",47.8,"11",16.4,7.9
"Vázquez, Christian","543877","67","11.5",37.3,"104.2","86.8","96.4","90.9","83.4","406","169","406","19",28.4,"3",4.5,3.4
"Higashioka, Kyle","543309","67","17.3",32.8,"106.7","89.4","98.5","94.4","85.8","413","162","381","24",35.8,"6",9,7
"Chisholm Jr., Jazz","665862","67","18.2",29.9,"109.5","87.9","99.5","91.7","85.4","442","185","382","26",38.8,"10",14.9,8
"Laureano, Ramón","657656","66","15.8",31.8,"110.9","90.2","102.1","93.9","86.5","432","191","403","31",47,"11",16.7,10.7
"Collins, Isaac","686555","66","15.4",40.9,"111.2","85.4","96.7","91.8","82.6","386","148","372","17",25.8,"3",4.5,2.9
"Rojas, Miguel","500743","66","5.8",33.3,"103.3","86.2","94.8","88.5","84.4","378","132","365","14",21.2,"1",1.5,1.2
"Amador, Adael","691182","66","15.8",34.8,"103.5","83.3","95.5","86","84.2","423","164","378","15",22.7,"3",4.5,2.9
"Thaiss, Matt","642136","65","16.6",26.2,"109.9","88","99.4","92.4","84.7","401","160","382","25",38.5,"2",3.1,1.8
"Herrera, Iván","671056","65","9.3",38.5,"112.1","90.6","102.2","99.2","84.7","425","147","402","31",47.7,"8",12.3,8.8
"Shaw, Matt","807713","64","11.3",37.5,"106.5","83.4","94.9","88.3","83.4","379","142","379","16",25,"2",3.1,2
"Marsh, Brandon","669016","64","7.9",26.6,"108.2","91.8","100.1","93.9","90.2","395","141","395","29",45.3,"3",4.7,2.9
"McNeil, Jeff","643446","64","15.9",35.9,"105.1","85.6","96.7","88.1","84.4","420","158","395","20",31.3,"2",3.1,2.3
"Gorman, Nolan","669357","64","23.4",34.4,"107.2","87.4","98.9","91.9","78.9","409","205","409","25",39.1,"5",7.8,4.8
"Julien, Edouard","666397","63","5.6",39.7,"110.1","88.7","99.6","94.5","82.7","405","162","382","26",41.3,"7",11.1,6.7
"Myers, Dane","667472","62","9.1",50,"106.8","92.4","101.3","95.8","89","405","158","395","29",46.8,"7",11.3,8
"Moncada, Yoán","660162","62","15.7",35.5,"111.9","91.6","101.4","92.9","91","439","190","406","26",41.9,"10",16.1,9.4
"Turner, Justin","457759","62","15.8",41.9,"104.2","88.1","96.3","90.3","85.9","406","188","406","16",25.8,"2",3.2,2.2
"Pauley, Graham","688363","62","15.6",30.6,"111.1","88.6","99.1","92.6","85.2","402","169",,"26",41.9,"4",6.5,4.5
"Bride, Jonah","681146","62","11.8",30.6,"104.5","87.5","96.8","93.7","83.6","380","138",,"16",25.8,"2",3.2,2
"Fraley, Jake","641584","62","17.6",32.3,"108.5","85","98.6","88.7","83.7","429","174","390","21",33.9,"3",4.8,3.3
"Kurtz, Nick","701762","61","13.2",39.3,"113.6","92","103.7","96.2","87.9","435","179","420","29",47.5,"8",13.1,7.4
"Mangum, Jake","663968","61","-3.8",27.9,"106.4","88.2","98.5","94","85.7","369","110",,"25",41,"2",3.3,2.7
"Taylor, Michael A.","572191","61","16.7",41,"111.3","90.7","101.6","97","85.1","411","175","397","24",39.3,"6",9.8,5.5
"Malloy, Justyn-Henry","669234","61","19.5",34.4,"111.7","86.4","96.2","90.6","80.6","389","178","389","18",29.5,"3",4.9,2.8
"Noel, Jhonkensy","678877","61","12.9",16.4,"117.2","89.5","103.3","95.1","89.1","450","119","416","24",39.3,"3",4.9,3.2
"Garver, Mitch","641598","61","17.9",31.1,"107.4","92.6","100.6","96.5","91.5","386","167","370","30",49.2,"4",6.6,3.8
"Grichuk, Randal","545341","59","14.5",33.9,"115.5","91.2","103.6","97.9","86.9","442","164","422","30",50.8,"7",11.9,8.6
"Berti, Jon","542932","58","0.2",29.3,"111.3","87.4","99.1","93.4","84","338","124",,"21",36.2,"2",3.4,2.4
"Varsho, Daulton","662139","58","23.6",34.5,"113.9","91","102.5","96.8","83.1","424","210","386","25",43.1,"10",17.2,11.4
"Matos, Luis","682641","58","9.6",31,"111.6","87.4","98.5","94.7","84.3","395","158","389","21",36.2,"4",6.9,5.6
"Rodgers, Brendan","663898","57","11.6",40.4,"112.2","90.2","102.2","93.8","87.1","390","180","369","28",49.1,"8",14,7.5
"Roden, Alan","702176","57","3.7",21.1,"107.6","84.6","98","90.7","83.8","397","102","397","18",31.6,"1",1.8,1.2
"Peraza, Oswald","672724","56","13.9",32.1,"111.8","88.4","100.8","95.1","84.4","408","162","380","20",35.7,"6",10.7,6.9
"Mead, Curtis","678554","56","18",30.4,"111","90.2","100.6","90.6","94.1","397","183","371","22",39.3,"4",7.1,4.7
"Marte, Noelvi","682622","56","11.8",23.2,"116.7","89.2","99.9","94.1","86.3","433","152","410","18",32.1,"3",5.4,4.1
"Solano, Donovan","456781","55","13",38.2,"105.9","85.5","97.4","90.5","83.8","390","154",,"20",36.4,"3",5.5,3.8
"Canha, Mark","592192","55","17",29.1,"104.6","88.3","98.1","90.6","86.8","363","169",,"20",36.4,"0",0,0
"O'Neill, Tyler","641933","55","22.4",29.1,"108","87.4","100.4","93.7","81.7","402","188","387","21",38.2,"9",16.4,9.7
"Anderson, Tim","641313","55","0.7",20,"103.9","88.6","97.4","92.3","86.3","394","120",,"20",36.4,"0",0,0
"Sosa, Edmundo","624641","54","8.9",37,"108.4","88.9","100.3","92.5","86.8","391","140","367","23",42.6,"2",3.7,2.7
"Hamilton, David","666152","54","14.5",27.8,"105.9","84.6","94.1","88.9","81.2","408","152","372","11",20.4,"2",3.7,2.6
"Candelario, Jeimer","600869","53","11.4",20.8,"107.5","87.3","96.2","93","82.4","415","155","400","15",28.3,"4",7.5,4.4
"Dezenzo, Zach","701305","52","16.3",44.2,"110.9","87.8","99.4","91.8","81.9","393","172","393","18",34.6,"8",15.4,8.3
"Alvarez, Francisco","682626","51","10",33.3,"115","92.5","102.9","95.8","90.7","379","159","358","24",47.1,"4",7.8,4.7
"d'Arnaud, Travis","518595","51","14",33.3,"105","89.4","100","93.5","86.6","405","177","401","21",41.2,"7",13.7,8.6
"Lewis, Royce","668904","51","15.3",29.4,"109.5","89","99.2","93.3","83.9","417","170","417","19",37.3,"5",9.8,7.6
"Amaya, Jacob","676070","51","11.9",23.5,"108","88.1","97","93.9","86.9","382","142",,"15",29.4,"0",0,0
"Biggio, Cavan","624415","50","20.9",34,"104","89.8","97.7","91.7","84.2","400","208","389","18",36,"2",4,2.4
"Maldonado, Martín","455117","50","9.3",32,"107.1","86.4","97.2","94.9","80.3","394","144","365","13",26,"5",10,6.7
"Stallings, Jacob","607732","50","15.4",40,"103","85.9","94.6","90.4","80.2","386","175",,"15",30,"1",2,1.1
"Raley, Luke","670042","49","8.8",34.7,"114.3","91.6","104.2","93.1","90.6","398","153","378","24",49,"7",14.3,8.3
"Lockridge, Brandon","663604","49","1",20.4,"107.8","87.9","98.5","90","86.7","384","101",,"16",32.7,"0",0,0
"Winker, Jesse","608385","49","20.4",30.6,"109.3","89.3","100.9","98","89.3","405","155","405","22",44.9,"4",8.2,5.1
"Pozo, Yohel","650968","49","13.8",34.7,"104.9","87.6","96.5","89.7","87.9","380","154","380","16",32.7,"0",0,0
"Rortvedt, Ben","666163","49","16.1",22.4,"103","81.8","92.9","87.3","81.3","386","116",,"9",18.4,"1",2,1.4
"Muncy, Max","691777","47","12.2",36.2,"112.6","87.2","98.1","91.8","85.3","430","140","430","12",25.5,"2",4.3,2.8
"Fortes, Nick","663743","46","9.5",34.8,"106.4","88.5","99.5","90.9","89.3","399","158","399","20",43.5,"3",6.5,5.4
"Gonzalez, Oscar","660757","46","2.5",34.8,"110.9","89.1","101","92","87.5","386","135",,"21",45.7,"3",6.5,4.9
"Hill, Derek","656537","46","2.7",30.4,"112.3","90.1","101.8","94.1","87","399","130","399","21",45.7,"4",8.7,4.9
"Rivera, Emmanuel","656896","46","6.8",34.8,"101","86.6","96.1","87.3","86","368","138",,"14",30.4,"1",2.2,1.6
"Bauers, Jake","641343","45","23.2",37.8,"108.7","89.9","102.6","94.8","81.2","416","212","387","20",44.4,"8",17.8,9.1
"Conine, Griffin","665052","45","8.8",37.8,"117.4","91.6","102.6","96.8","86.9","404","157","404","23",51.1,"7",15.6,9.9
"Encarnacion-Strand, Christian","687952","45","21.1",26.7,"111.4","87.6","99.6","95.7","82.1","451","150","403","19",42.2,"2",4.4,3.3
"Mitchell, Garrett","669003","45","10.8",28.9,"110.8","90.4","101.7","98","85.6","407","149",,"19",42.2,"3",6.7,3.8
"Wagner, Will","695238","45","10.2",28.9,"104.9","88","97.6","90.5","86.6","380","133",,"17",37.8,"1",2.2,1.5
"Koss, Christian","683766","44","9.4",31.8,"107.4","88.9","100","91.4","88.4","400","147","369","16",36.4,"3",6.8,4.5
"Rivas, Leo","660844","44","9.8",34.1,"103.2","84.8","93.7","86.9","82","344","138",,"8",18.2,"0",0,0
"Capra, Vinny","681962","44","9.1",20.5,"103.9","84.9","96.4","94.2","81.9","370","129","370","14",31.8,"1",2.3,1.6
"Schuemann, Max","680474","43","14.6",30.2,"105.7","86.5","97.9","89.7","85.1","424","150","424","14",32.6,"2",4.7,3.5
"Simon, Ronny","682927","42","9.9",28.6,"108.8","87.6","98.6","93.6","87.1","391","123",,"14",33.3,"3",7.1,5.4
"Wade, Tyler","642180","42","8.4",33.3,"100.3","81.1","91.6","85.2","78.3","366","124",,"6",14.3,"0",0,0
"Clemens, Kody","665019","42","12.4",40.5,"109","96.6","105.3","102.3","85.1","415","195","387","27",64.3,"7",16.7,10.3
"Gonzalez, Romy","663853","41","4.3",31.7,"111.4","94.2","102.9","97.2","92","370","153",,"24",58.5,"4",9.8,6.9
"Davis, Henry","680779","41","24.1",29.3,"109.6","81.1","95.7","87.6","80.2","432","150","412","9",22,"3",7.3,5.3
"Haggerty, Sam","664059","40","12.9",45,"107.2","88.1","100","91.6","86.3","390","169","390","16",40,"2",5,4
"Keirsey Jr., DaShawn","680577","40","11.1",17.5,"109","86.8","97.9","88.9","89","374","129","374","13",32.5,"1",2.5,1.6
"Newman, Kevin","621028","40","8.3",27.5,"105.5","87","96.3","88.2","87.6","347","133",,"12",30,"0",0,0
"Toro, Abraham","647351","40","16.4",37.5,"109.4","88.3","99.8","91.2","85.8","386","170","376","16",40,"3",7.5,6.5
"Herrera, Jose","645444","40","25.1",37.5,"100.8","79.9","91.7","84.9","76.8","384","189","384","6",15,"0",0,0
"Heineman, Tyler","623168","39","16.7",35.9,"104.5","85","96.7","90.8","83.8","393","143","386","11",28.2,"2",5.1,3.9
"Thomas, Lane","657041","39","22.1",23.1,"110.6","85.9","96.6","88.3","83.2","377","152",,"11",28.2,"0",0,0
"Escarra, J.C.","641555","39","8.9",30.8,"106.6","88","98.3","90.1","88","415","131","415","13",33.3,"2",5.1,3.7
"Benson, Will","666181","38","12.8",42.1,"109.2","95.2","103.7","99.2","88.5","401","214","388","23",60.5,"9",23.7,15.5
"Wallner, Matt","670242","38","17.9",28.9,"112","89.6","101.3","95.3","79.2","404","203","404","18",47.4,"4",10.5,6
"Stephenson, Tyler","663886","38","16.8",47.4,"107.8","93.3","101.7","97.6","84.8","417","216","394","23",60.5,"7",18.4,8.6
"Robles, Victor","645302","38","5.3",26.3,"112.6","85.1","94.4","88.5","83.7","384","125",,"7",18.4,"2",5.3,4.3
"Bouchard, Sean","656248","38","19.2",28.9,"107.4","87","96.8","86.2","89.4","367","157","367","12",31.6,"0",0,0
"Sogard, Nick","686765","38","5",36.8,"107.7","87.8","97.8","92","83.5","369","147",,"13",34.2,"3",7.9,6.3
"Lowe, Josh","666139","37","13.9",35.1,"109.2","88","99","93.6","85.7","410","169","409","17",45.9,"3",8.1,6.5
"Kelenic, Jarred","672284","37","16",21.6,"108.4","89.1","100.9","91.9","87.8","418","159","380","14",37.8,"5",13.5,7.7
"Refsnyder, Rob","608701","36","17.2",36.1,"111.5","92.2","102.4","94.8","92","397","180","371","20",55.6,"5",13.9,8.5
"McCarthy, Jake","664983","36","7.9",25,"103.8","84.2","93.4","90.2","80.6","369","146",,"6",16.7,"0",0,0
"Maton, Nick","665155","35","28.4",22.9,"109.3","89","98.4","92.1","84.3","406","212","403","13",37.1,"2",5.7,3.2
"Trejo, Alan","676701","35","16.1",17.1,"103.4","87.9","96.4","88.1","87.6","391","177",,"10",28.6,"3",8.6,7
"Brown, Seth","664913","35","20.1",42.9,"111.9","88.9","98.6","91.4","83.4","387","208","385","14",40,"3",8.6,4.9
"Dunn, Blake","694362","35","-0.3",25.7,"110","88.6","99.1","93.7","85.9","387","102","384","13",37.1,"3",8.6,4
"Pillar, Kevin","607680","35","14.9",34.3,"104.7","86.1","94.9","89.8","84.5","348","161",,"7",20,"1",2.9,2.3
"Jankowski, Travis","608671","34","-0.4",23.5,"107.2","84.6","98.7","86.4","85","346","116",,"12",35.3,"0",0,0
"Wong, Connor","657136","34","8.2",29.4,"106.7","85.8","98.5","89.2","82.9","390","127",,"12",35.3,"2",5.9,3.7
"Rodríguez, Endy","682848","33","12.2",39.4,"104.9","91.4","99.1","95.5","87.4","378","177",,"15",45.5,"1",3,2
"Rojas, Josh","668942","33","12.9",39.4,"104.7","90.3","98.2","92.6","87.6","359","164",,"14",42.4,"0",0,0
"Mateo, Jorge","622761","33","15.2",21.2,"107.7","88","98.2","90.4","87.8","363","168",,"12",36.4,"1",3,1.9
"Kim, Hyeseong","808975","33","2.7",33.3,"105.2","85.1","96.1","91.3","81.5","385","127","385","9",27.3,"1",3,2.3
"McCormick, Chas","676801","32","25.4",34.4,"106.4","86","96.3","87.4","84.1","373","167",,"9",28.1,"0",0,0
"Saggese, Thomas","695336","31","13.4",38.7,"109.9","91.9","101.1","91.5","92.3","430","170","430","15",48.4,"2",6.5,4.5
"Jung, Jace","690291","30","11.9",30,"107.3","88.5","99.9","95.5","89.2","319","122",,"12",40,"1",3.3,1.9
"Freeman, Tyler","671289","30","9.3",23.3,"108.7","90.2","100.3","91.7","90.3","355","143",,"12",40,"0",0,0
"DeJong, Paul","657557","30","23.4",36.7,"108.7","89.2","99","90.5","87.2","363","171",,"11",36.7,"1",3.3,1.8
"Horwitz, Spencer","687462","30","13",46.7,"106.8","87.3","99.3","86.8","87.6","409","157","409","14",46.7,"2",6.7,4.7
"Hedges, Austin","595978","30","32.1",23.3,"106","87.1","97.3","94.7","81.7","394","178","370","9",30,"1",3.3,1.8
"Barnes, Austin","605131","29","4.2",34.5,"105.2","80.9","94.5","88.1","77.6","357","127",,"6",20.7,"1",3.4,2.3
"Nuñez, Nasim","683083","29","-3.6",24.1,"108.6","85","97","92.6","81.5","389","99",,"9",31,"1",3.4,2.4
"De La Cruz, Bryan","650559","29","15.6",44.8,"106.5","91.5","101.4","94.7","87.9","368","179",,"15",51.7,"2",6.9,4
"Vivas, Jorbit","678391","28","15.6",28.6,"101","86.2","96.8","89.3","85.4","360","142","360","11",39.3,"1",3.6,2.2
"Dunn, Oliver","686554","28","3.8",35.7,"109.1","87.3","99.9","90.4","84.1","332","119",,"9",32.1,"0",0,0
"Wynns, Austin","642851","28","16",39.3,"107.8","91.8","103.3","93.2","95.1","410","184","399","14",50,"4",14.3,9.3
"Gurriel, Yuli","493329","28","22.4",14.3,"107.9","85.1","94.7","90.9","84.9","370","158",,"5",17.9,"0",0,0
"Melendez, MJ","669004","27","23.6",29.6,"108.5","90.1","99.3","95.7","83.9","429","187","429","12",44.4,"3",11.1,5.8
"Carter, Evan","694497","27","14.4",33.3,"111.1","82.3","95.9","91","77.6","396","133","390","7",25.9,"3",11.1,8.1
"Bryant, Kris","592178","26","13",46.2,"102.9","90.8","97.9","95","84.1","387","199",,"9",34.6,"2",7.7,4.9
"Nido, Tomás","621512","26","10.4",38.5,"105.3","86.4","97.7","86.6","86.9","370","140",,"9",34.6,"0",0,0
"Huff, Sam","669087","26","3.9",34.6,"104.9","88.8","99.4","94.2","82.6","397","148","388","10",38.5,"4",15.4,7.7
"LeMahieu, DJ","518934","26","7.9",26.9,"106.6","92.3","100.5","94.9","91.3","393","136","333","13",50,"2",7.7,5.4
"Hampson, Garrett","641658","25","16.6",24,"97.6","84.1","92.5","86.7","80.7","359","150",,"5",20,"0",0,0
"Carlson, Dylan","666185","25","8.5",24,"108","88","96.4","92.6","83.8","397","149","385","4",16,"2",8,4.9
"Gorski, Matt","685301","25","8.4",32,"115.2","85.3","97.9","92.4","77.3","434","159","421","8",32,"3",12,7.1
"Gasper, Mickey","681508","25","12.9",20,"108.5","88.2","97.6","91.9","86.9","349","148",,"7",28,"0",0,0
"Joe, Connor","656582","25","15",36,"109.1","92.6","101.8","94.3","94","384","179",,"11",44,"0",0,0
"Harris, Dustin","687957","24","19.4",41.7,"106.4","86.5","96.2","91.9","81.8","408","172","408","6",25,"1",4.2,2.6
"Lugo, Matthew","683090","24","10.2",37.5,"108","89.1","103.2","96.8","85.5","421","166","395","14",58.3,"5",20.8,12.5
"Clase, Jonatan","682729","24","10.9",33.3,"105.1","89","98.5","90.7","86.7","384","153",,"9",37.5,"2",8.3,5.3
"Taylor, Chris","621035","24","23.2",25,"104.3","80.4","92.6","88.4","69.9","316","135",,"5",20.8,"0",0,0
"Bliss, Ryan","669208","24","10.2",37.5,"104","89","98.4","93.4","84.5","391","170","387","8",33.3,"3",12.5,7.7
"Baker, Luken","663609","24","22.1",25,"109.5","94.6","103.4","99.8","94.9","354","157",,"13",54.2,"2",8.3,4.9
"Marchán, Rafael","665561","24","7.6",20.8,"104.4","84.8","93.1","88","85.1","325","121",,"5",20.8,"0",0,0
"Miranda, Jose","669304","23","6.6",26.1,"109.7","88.5","99.9","84.8","91.4","389","135","389","10",43.5,"1",4.3,2.8
"Schmitt, Casey","669477","23","12.1",43.5,"111.4","91.2","103.2","97.9","83.4","391","182",,"11",47.8,"3",13,7.9
"Pereda, Jhonny","640902","23","-1.1",26.1,"106.9","88.7","99.5","94.7","85.5","340","120",,"11",47.8,"0",0,0
"Arcia, Orlando","606115","23","-0.9",8.7,"106.4","87.9","97.5","91.6","87.2","269","75",,"6",26.1,"0",0,0
"Fairchild, Stuart","656413","23","26",17.4,"103.3","84.7","95.1","90.3","88.8","382","140",,"5",21.7,"3",13,8.8
"Wilson, Will","669717","23","20.5",30.4,"102.1","88.1","98.2","90","85","381","172",,"10",43.5,"1",4.3,2.6
"Haase, Eric","606992","21","6.2",28.6,"108.8","84.5","97.9","90.7","77.8","425","145","422","5",23.8,"3",14.3,7.5
"Kreidler, Ryan","668952","21","16.5",38.1,"106.9","89.6","99","91.3","87.3","371","162",,"6",28.6,"1",4.8,2.3
"Schunk, Aaron","668845","21","23.7",42.9,"102","86.2","95","87.7","85","373","182",,"5",23.8,"1",4.8,3.4
"Tauchman, Mike","643565","21","15.4",38.1,"103.4","86.1","96.2","88.9","81.5","364","178","364","6",28.6,"1",4.8,3
"Elko, Tim","671284","21","11.8",19,"111.1","91.5","101.8","100.3","89.2","425","132","404","9",42.9,"3",14.3,9.4
"Veen, Zac","691728","20","18.3",25,"109.2","90.2","98.5","92.3","89.4","412","159","412","6",30,"1",5,2.7
"Lopez, Nicky","670032","20","-5.5",15,"104.7","84.8","97.4","94.2","84.9","313","86",,"8",40,"0",0,0
"Suwinski, Jack","669261","20","21.6",50,"110.4","89.5","102.4","91.2","84.3","374","216",,"9",45,"3",15,6.7
"Duran, Ezequiel","677649","20","12",25,"109.1","81.2","96.8","90","76.6","392","148",,"7",35,"1",5,3
"Slater, Austin","596103","19","8.7",47.4,"109.3","94.4","103.9","101.4","84.7","420","207","406","13",68.4,"5",26.3,16.7
"DeLuca, Jonny","676356","19","14.4",26.3,"103.6","82.5","92.7","85.7","81.1","340","134",,"2",10.5,"0",0,0
"Sánchez, Gary","596142","19","21.5",15.8,"108.8","91.8","102.9","90.9","96.8","351","149",,"11",57.9,"0",0,0
"Senger, Hayden","663584","19","3",42.1,"103.4","83.7","97.3","92.6","73.7","388","154",,"7",36.8,"1",5.3,3.4
"Rogers, Jake","668670","18","16.1",50,"107.8","83.5","95","90.6","78","374","164",,"5",27.8,"3",16.7,10.3
"Keaschall, Luke","807712","17","15.8",47.1,"104.2","90.8","98.5","88.6","94.8","378","174",,"7",41.2,"2",11.8,7.7
"Azocar, José","640492","17","5.2",41.2,"109.4","86.5","97","88.4","87.5","306","139",,"5",29.4,"0",0,0
"Reyes, Pablo","622569","17","18.5",23.5,"100.4","87.2","95.9","88.7","89.5","361","124",,"6",35.3,"1",5.9,3.6
"Adams, Riley","656180","16","-1.6",31.3,"109.6","92.6","104","98.7","89","405","128","401","10",62.5,"3",18.8,9.4
"Villar, David","681584","15","-0.1",26.7,"108.5","81.6","95.6","94","72.7","346","115",,"4",26.7,"1",6.7,4
"Ballesteros, Moisés","694208","15","-2",20,"107.5","89","100","97","84.9","327","103",,"5",33.3,"1",6.7,5.6
"Wilson, Weston","642215","15","11",53.3,"107.3","90.1","102.4","98.1","82.7","395","164","395","7",46.7,"2",13.3,7.7
"Handley, Maverick","668974","15","15.3",26.7,"105.1","88.3","97.2","93.2","84.3","365","144",,"5",33.3,"0",0,0
"Bruján, Vidal","660644","15","3.1",33.3,"103","84.7","96.2","95","75.1","362","152",,"7",46.7,"0",0,0
"Margot, Manuel","622534","14","10.1",42.9,"102.8","79.5","91.2","85.7","73.9","366","157",,"2",14.3,"0",0,0
"Ornelas, Tirso","672359","12","17.7",16.7,"107.4","90.5","99.5","91.9","93.4","405","142",,"5",41.7,"1",8.3,6.3
"Baddoo, Akil","668731","12","9.1",33.3,"108.5","90.3","99.6","93.5","88.8","338","141",,"5",41.7,"0",0,0
"Profar, Jurickson","595777","12","0.7",25,"99.3","83.9","92","85.9","84.8","334","115",,"2",16.7,"0",0,0
"Siri, Jose","642350","12","31.2",33.3,"104.4","81.1","92.5","88.5","63.9","407","220",,"2",16.7,"2",16.7,8.3
"Mayer, Marcelo","691785","12","2.1",33.3,"105.1","89.4","100.2","89.9","89","316","136",,"6",50,"0",0,0
"Hassell III, Robert","690987","12","7",25,"100.7","88.9","96.8","92.7","83.2","362","154",,"4",33.3,"1",8.3,5.9
"Stefanic, Michael","683021","12","12.7",25,"102.8","90.3","99.7","94.2","92","364","124",,"6",50,"1",8.3,5.9
"Cameron, Daz","663662","12","23.2",25,"108.5","89","96.8","87.9","97.3","366","189",,"3",25,"0",0,0
"Dalbec, Bobby","666915","12","22.7",25,"107.1","84.6","93.6","92.1","82.2","357","153",,"3",25,"0",0,0
"Lee, Korey","686676","12","15.7",25,"103.2","83.3","96","87.6","78.5","372","137",,"3",25,"0",0,0
"Outman, James","681546","11","23.1",27.3,"109.8","90.3","102.1","97.5","75.3","416","226","408","4",36.4,"3",27.3,11.1
"Barrosa, Jorge","678489","11","18",36.4,"101.3","88.6","95.3","88.5","88.8","336","191",,"3",27.3,"0",0,0
"Barrero, Jose","676480","11","12.9",27.3,"104.7","87","95.1","92.7","83.8","385","144","385","3",27.3,"1",9.1,5.6
"Sabol, Blake","666165","10","4",20,"105.5","87.8","99.7","94.8","84.7","365","109",,"4",40,"1",10,5.6
"Vierling, Matt","663837","10","25.1",20,"100","92.1","97","91.3","95.1","379","231",,"3",30,"2",20,18.2
"Monasterio, Andruw","655316","10","18.4",40,"98.3","87","95.4","95.9","85.4","323","155",,"3",30,"0",0,0
"Siani, Michael","672279","10","18",30,"105.8","79.8","90","73.7","92","259","113",,"2",20,"0",0,0
"Miller, Owen","680911","10","-1.5",10,"106.7","76.7","92.4","87.2","71.4","315","94",,"2",20,"0",0,0
"Cowser, Colton","681297","10","20.3",30,"110.6","93.7","104.4","102.2","93.2","417","148","417","6",60,"1",10,5.6
"Brennan, Will","686823","10","8.2",0,"102.8","82.2","93.1","87.3","84.4","364","87",,"3",30,"0",0,0
"Rushing, Dalton","687221","9","12.4",33.3,"112","89.4","101.7","86.9","92.5","284","132",,"4",44.4,"1",11.1,4.8
"Hinds, Rece","677956","9","13.8",44.4,"109.8","91.9","104.3","103.3","84","423","207","415","5",55.6,"3",33.3,15
"Wisely, Brett","689172","9","37.2",0,"97.3","81.3","88.8","91.3","84.7","363","131",,"2",22.2,"0",0,0
"Acuña Jr., Ronald","660670","9","11.1",33.3,"115.5","102.7","108.7","104.2","100.7","467","215","447","7",77.8,"3",33.3,16.7
"Thomas, Rhylan","689041","9","14.5",11.1,"101.4","83.7","93.9","82.4","84.6","285","129",,"3",33.3,"0",0,0
"Workman, Gage","669398","9","18.9",44.4,"105.6","89.8","96.7","97.1","84","347","174",,"3",33.3,"1",11.1,5.9
"Lile, Daylen","695734","8","9",25,"104","92.5","99.5","85.9","96.4","263","107",,"4",50,"0",0,0
"McGuire, Reese","624512","8","19.2",37.5,"105.5","87.6","99.9","99.9","68.9","372","151","362","3",37.5,"2",25,18.2
"Campero, Gustavo","672569","8","13.8",25,"100.9","80.5","93","85.5","72.2","296","150",,"2",25,"0",0,0
"Taylor, Samad","669392","8","9.9",37.5,"100.6","75.7","91.7","91.7","59.6","318","128",,"1",12.5,"0",0,0
"Lawlar, Jordan","691783","8","9.5",0,"103.3","83.5","93.9","103.3","83.9","326","91",,"3",37.5,"0",0,0
"Barnhart, Tucker","571466","8","3.7",25,"100.2","86.9","96","96.3","84","305","128",,"1",12.5,"0",0,0
"Solak, Nick","669256","8","1.2",12.5,"106","84.2","98.8","82.8","84.7","295","74",,"3",37.5,"0",0,0
"Montes, Coco","663796","7","-3.5",28.6,"105.2","90.3","100.9","86.5","91.8","320","79",,"3",42.9,"0",0,0
"Maile, Luke","571912","7","15.1",42.9,"106.1","96.3","100.1","96.2","97.1","419","200","419","3",42.9,"1",14.3,10
"Narváez, Omar","553882","7","12.4",28.6,"97.7","87.2","94.2","84.7","90.6","318","170",,"1",14.3,"0",0,0
"Loftin, Nick","679845","7","24.2",71.4,"100.3","90.3","94.9","89","99.7","366","230",,"2",28.6,"1",14.3,14.3
"Schneider, Davis","676914","7","20.6",14.3,"89.1","74.4","82.4","76.8","76.4","293","133",,"0",0,"0",0,0
"Young, Jared","676724","7","24.8",42.9,"107.1","81.3","93.9","101","66.1","399","181","367","3",42.9,"1",14.3,11.1
"Rosario, Eddie","592696","6","5.8",50,"103.3","87.3","100.8","99.7","62.4","359","212",,"4",66.7,"1",16.7,12.5
"Osuna, Alejandro","696030","6","19.6",50,"104.3","90.6","97.5","87.9","104.3","317","213",,"2",33.3,"0",0,0
"Brantly, Rob","542963","6","32",33.3,"95.1","89.4","92","89.4",,"311","194",,"1",16.7,"0",0,0
"Bae, Ji Hwan","678225","6","32.9",16.7,"104","89.4","94.7","94.7","84.2","392","190",,"1",16.7,"1",16.7,8.3
"Peguero, Liover","678894","6","9.9",0,"104.1","92","102.5","79.6","101.9","286","77",,"4",66.7,"0",0,0
"Davis, J.D.","605204","6","-0.4",16.7,"102.9","85.7","94.5","102.9","83.5","258","77",,"2",33.3,"0",0,0
"Stevenson, Cal","670276","6","11.1",50,"97.9","86.8","94.4","94.4","79.1","326","167",,"1",16.7,"0",0,0
"Mayo, Coby","691723","6","28.8",16.7,"109.3","90.7","102.9","97","95.5","269","141",,"2",33.3,"0",0,0
"Ahmed, Nick","605113","6","13.2",16.7,"97.6","83.4","93.4","91.3","79.4","291","105",,"1",16.7,"0",0,0
"Hurtubise, Jacob","674441","6","5",16.7,"97.8","89.3","94.9","85.2","91.3","203","79",,"1",16.7,"0",0,0
"Crim, Blaine","688760","5","14.2",20,"97.8","85.8","91","89.9","86","290","86",,"1",20,"0",0,0
"Alexander, CJ","680769","5","18.3",20,"98.6","81.8","92.2","83.9","92.6","213","128",,"1",20,"0",0,0
"Tromp, Chadwick","644433","5","-2",20,"98.9","89.1","95.1","88.6","88.2","291","96",,"1",20,"0",0,0
"Campusano, Luis","669134","5","-12",0,"101.4","87.8","97.2","99.6","84.8","263","62",,"2",40,"0",0,0
"Callihan, Tyler","682997","5","5",20,"100.2","89.8","98.6","96.7","85.2","267","105",,"3",60,"0",0,0
"Rave, John","670231","5","17.1",0,"100.5","84.3","98.2","100.5","80.4","322","96",,"2",40,"0",0,0
"Palacios, Richie","680700","4","7.5",75,"102.2","88.6","97.3","87.3","92.3","320","199",,"1",25,"0",0,0
"Mesa Jr., Victor","683748","4","27.8",25,"104.8","96","101.3","93","104.8","334","247",,"2",50,"0",0,0
"Clarke, Denzel","672016","4","-19.7",25,"98.1","87.4","92.2","80.6","89.6","256","68",,"1",25,"0",0,0
"Cheng, Tsung-Che","691907","4","17.9",25,"100.6","93.2","98.6","91.5","94.8","296","178",,"2",50,"0",0,0
"Lipscomb, Trey","702358","3","-48.3",0,"109.9","90.8","99.4",,"90.8","7","3",,"1",33.3,"0",0,0
"Tolbert, Tyler","686475","3","-22.4",33.3,"102.8","81.8","94.6","102.8","71.3","343","116",,"1",33.3,"0",0,0
"Fitzgerald, Ryan","680837","3","18.3",0,"99.8","93.5","95.4","90.4","99.8","335","220",,"1",33.3,"0",0,0
"MacIver, Willie","680862","3","6.4",33.3,"95.4","84.2","87.5","77.5","87.5","247","118",,"1",33.3,"0",0,0
"Fulford, Braxton","690924","3","44.2",33.3,"108.6","90","102.4","102.4",,"433","299","433","2",66.7,"1",33.3,12.5
"Blanco, Dairon","680118","3","4.1",33.3,"84","78.4","84","84","72.9","178","65",,"0",0,"0",0,0
"Sánchez, Ali","645305","2","34.7",50,"87.3","81.3","87.3",,"87.3","177","157",,"0",0,"0",0,0
"Hicklen, Brewer","676551","2","-6.7",50,"109.9","88.9","109.9","109.9","67.9","326","165",,"1",50,"1",50,25
"Ornelas, Jonathan","680716","2","-21.5",0,"79.7","79.7","79.7",,"79.7","8","5",,"0",0,"0",0,0
"McCoy, Mason","669200","2","-8.4",50,"71.6","64.7","71.6",,"64.7","108","57",,"0",0,"0",0,0
"Davidson, Logan","669722","2","-12.2",50,"95.3","79.9","95.3","95.3","64.4","381","192",,"1",50,"0",0,0
"Rodríguez, Johnathan","671286","2","49.9",0,"95.5","83.9","95.5","95.5",,"303","238",,"1",50,"0",0,0
"Avans, Drew","682183","1","28.5",100,"74.9","74.9","74.9","74.9",,"247","247",,"0",0,"0",0,0
"Salazar, César","663967","1","37.4",0,"95.1","95.1","95.1","95.1",,"343","343",,"1",100,"0",0,0
"Nelson, Ryne","669194","1","-16.7",0,"89.8","89.8","89.8",,"89.8","10","10",,"0",0,"0",0,0
"McCusker, Carson","676812","1","-42.7",0,"52.9","52.9","52.9",,"52.9","2","2",,"0",0,"0",0,0
"Pérez, Wenceel","672761","1","25.4",100,"100.5","100.5","100.5","100.5",,"351","351","351","1",100,"1",100,33.3
"Feduccia, Hunter","676439","1","-7.5",0,"98.9","98.9","98.9",,"98.9","16","16",,"1",100,"0",0,0
"Gonzales, Nick","693304","1","22.8",100,"101","101","101","101",,"374","374","374","1",100,"1",100,33.3
"Kavadas, Niko","694359","1","47.4",0,"84.9","84.9","84.9","84.9",,"252","252",,"0",0,"0",0,0
"Canzone, Dominic","686527","1","50.4",0,"88","88","88","88",,"246","246",,"0",0,"0",0,0
"Williams, Luke","663897","1","46.1",0,"91.4","91.4","91.4","91.4",,"278","278",,"0",0,"0",0,0